﻿pos_x,pos_y,rotation,side,designator,mpn,pack,value,mount_type,place
112.005499,-85.1752,0.0,top,0.1uF,,C_0603_1608Metric_Pad1.08x0.95mm_HandSolder,0.1uF,smt,True
112.028995,-87.0548,0.0,top,10uF,,C_0805_2012Metric_Pad1.18x1.45mm_HandSolder,10uF,smt,True
107.507795,-87.3088,0.0,bottom,J1,,PinHeader_1x02_P2.00mm_Vertical,PINHD_1x2_Male,tht,True
141.043395,-87.784,0.0,bottom,J2,,PinHeader_1x02_P2.00mm_Vertical,PINHD_1x2_Female,tht,True
141.043395,-80.6024,180.0,bottom,J4,,PinHeader_1x02_P2.00mm_Vertical,PINHD_1x2_Female,tht,True
128.038594,-82.872396,90.0,top,JP1,,SolderJumper-2_P1.3mm_Open_RoundedPad1.0x1.5mm,SolderJumper_2_Open,tht,False
130.578595,-82.8724,90.0,top,JP2,,SolderJumper-2_P1.3mm_Open_RoundedPad1.0x1.5mm,SolderJumper_2_Open,tht,False
133.118595,-82.872399,90.0,top,JP3,,SolderJumper-2_P1.3mm_Open_RoundedPad1.0x1.5mm,SolderJumper_2_Open,tht,False
107.964995,-82.5844,0.0,top,LED,,LED_0603_1608Metric_Pad1.05x0.95mm_HandSolder,LED,smt,True
119.610995,-84.161,90.0,top,MCP23017,,SSOP-28_5.3x10.2mm_P0.65mm,MCP23017_SS,smt,True
107.964995,-80.8064,0.0,top,R1,,R_0603_1608Metric_Pad0.98x0.95mm_HandSolder,330R,smt,True
108.920995,-60.02,0.0,top,RGB_SW1,,TL1_RBG_Adressable_1_mini,PLB_RGB_SW,tht,True
139.320995,-67.62,0.0,top,RGB_SW10,,TL1_RBG_Adressable_1_mini,PLB_RGB_SW,tht,True
108.920995,-75.22,0.0,top,RGB_SW11,,TL1_RBG_Adressable_1_mini,PLB_RGB_SW,tht,True
116.520995,-75.22,0.0,top,RGB_SW12,,TL1_RBG_Adressable_1_mini,PLB_RGB_SW,tht,True
124.120995,-75.22,0.0,top,RGB_SW13,,TL1_RBG_Adressable_1_mini,PLB_RGB_SW,tht,True
131.720995,-75.22,0.0,top,RGB_SW14,,TL1_RBG_Adressable_1_mini,PLB_RGB_SW,tht,True
139.320995,-75.22,0.0,top,RGB_SW15,,TL1_RBG_Adressable_1_mini,PLB_RGB_SW,tht,True
116.520995,-60.02,0.0,top,RGB_SW2,,TL1_RBG_Adressable_1_mini,PLB_RGB_SW,tht,True
124.120995,-60.02,0.0,top,RGB_SW3,,TL1_RBG_Adressable_1_mini,PLB_RGB_SW,tht,True
131.720995,-60.02,0.0,top,RGB_SW4,,TL1_RBG_Adressable_1_mini,PLB_RGB_SW,tht,True
139.320995,-60.02,0.0,top,RGB_SW5,,TL1_RBG_Adressable_1_mini,PLB_RGB_SW,tht,True
108.920995,-67.62,0.0,top,RGB_SW6,,TL1_RBG_Adressable_1_mini,PLB_RGB_SW,tht,True
116.520995,-67.62,0.0,top,RGB_SW7,,TL1_RBG_Adressable_1_mini,PLB_RGB_SW,tht,True
124.120995,-67.62,0.0,top,RGB_SW8,,TL1_RBG_Adressable_1_mini,PLB_RGB_SW,tht,True
131.720995,-67.62,0.0,top,RGB_SW9,,TL1_RBG_Adressable_1_mini,PLB_RGB_SW,tht,True
132.540594,-86.5664,90.0,top,RN1,,R_Array_Convex_4x0603,R_Pack04,smt,True
111.553995,-81.831,180.0,top,RN2,,R_Array_Convex_4x0603,R_Pack04,smt,True
128.546595,-86.5808,90.0,top,RN3,,R_Array_Convex_4x0603,R_Pack04,smt,True
