﻿designator,quantity,value,pack,mpn,mount_type
0.1uF,1,0.1uF,C_0603_1608Metric_Pad1.08x0.95mm_HandSolder,,smt
10uF,1,10uF,C_0805_2012Metric_Pad1.18x1.45mm_HandSolder,,smt
J1,1,PINHD_1x2_Male,PinHeader_1x02_P2.00mm_Vertical,,tht
"J2, J4",2,PINHD_1x2_Female,PinHeader_1x02_P2.00mm_Vertical,,tht
"JP1, JP2, JP3",3,SolderJumper_2_Open,SolderJumper-2_P1.3mm_Open_RoundedPad1.0x1.5mm,,tht
LED,1,LED,LED_0603_1608Metric_Pad1.05x0.95mm_HandSolder,,smt
MCP23017,1,MCP23017_SS,SSOP-28_5.3x10.2mm_P0.65mm,,smt
R1,1,330R,R_0603_1608Metric_Pad0.98x0.95mm_HandSolder,,smt
"RGB_SW1, RGB_SW10, RGB_SW11, RGB_SW12, RGB_SW13, RGB_SW14, RGB_SW15, RGB_SW2, RGB_SW3, RGB_SW4, RGB_SW5, RGB_SW6, RGB_SW7, RGB_SW8, RGB_SW9",15,PLB_RGB_SW,TL1_RBG_Adressable_1_mini,,tht
"RN1, RN2, RN3",3,R_Pack04,R_Array_Convex_4x0603,,smt
